Position,Code,Protein Name,Function,Mutation,Notes,Link
193228,OPG003,Ankyrin repeat protein OPG003,May be involved in virus-host protein interaction through the ankyrin repeats and PRANC regions.,R209Q,REPEAT 175-223 ANK 2 ,https://www.uniprot.org/uniprotkb/A0A7H0DNH0/entry
190660,OPG005,Protein OPG005,N/A,R84K,N/A,https://www.uniprot.org/uniprotkb/A0A7H0DNG7/entry
176540,OPG205,Serine proteinase inhibitor 1,Plays a role in mediating viral host range. May act to inhibit a caspase independent form of apoptosis to allow efficient virus replication in infected cells.,R295S,N/A,https://www.uniprot.org/uniprotkb/A0A7H0DNG4/entry
164617,OPG189,Ankyrin repeat protein OPG189,Contributes to viral release without involving rearrangement of host actin.,Y429H,N/A,https://www.uniprot.org/uniprotkb/A0A7H0DNF1/entry
152866,OPG180,DNA ligase,"DNA ligase that seals nicks in double-stranded DNA during DNA replication, DNA recombination and DNA repair. Recruits cellular topoisomerase II to sites of viral replication and assembly.",D59N,N/A,https://www.uniprot.org/uniprotkb/A0A7H0DNE6/entry
151626,OPG178,Thymidylate kinase,"Poxvirus TMP kinase is able to phosphorylate dTMP, dUMP and also dGMP from any purine and pyrimidine nucleoside triphosphate. The large substrate specificity is explained by the presence of a canal connecting the edge of the dimer interface to the TMP base binding pocket, canal not found in the human homolog.",Q40*,N/A,https://www.uniprot.org/uniprotkb/A0A7H0DNE5/entry
150385,OPG176,Protein OPG176,"BCL2-like protein which disrupts the host immune response by inhibiting the TLR4 signaling pathway leading to NF-kappa-B activation. Acts close to the plasma membrane and targets several host TIR-domain containing adapter proteins including MYD88, TIRAP, TRIF and TICAM2. In turn, blocks the host NF-kappa-B and TRIF-mediated IRF3 activation.",P193S,N/A,https://www.uniprot.org/uniprotkb/A0A7H0DNE4/entry
149963,OPG176,Protein OPG176,"BCL2-like protein which disrupts the host immune response by inhibiting the TLR4 signaling pathway leading to NF-kappa-B activation. Acts close to the plasma membrane and targets several host TIR-domain containing adapter proteins including MYD88, TIRAP, TRIF and TICAM2. In turn, blocks the host NF-kappa-B and TRIF-mediated IRF3 activation.",S52L,N/A,https://www.uniprot.org/uniprotkb/A0A7H0DNE4/entry
148412,OPG163,Protein OPG163,Mildly affects the expression of MHC class II molecules on the surface of host antigen presenting cells (APCs).,K50N,N/A,https://www.uniprot.org/uniprotkb/A0A7H0DND4/entry
142351,OPG154,Protein OPG154,Structural protein involved in the envelopment of mature virion (MV) to form the wrapped virion (WV). The wrapping consists of the addition of Golgi membranes to the mature virion. Participates in mature virion (MV) movement within the infected cell. May play an indirect role in MV-cell fusion.,T30S,N/A,https://www.uniprot.org/uniprotkb/P0DTN3/entry
137963,OPG150,Intermediate transcription factor 3 large subunit,Acts with RNA polymerase to initiate transcription from intermediate gene promoters.,L307S,N/A,https://www.uniprot.org/uniprotkb/A0A7H0DNC2/entry
128698,OPG139,Virion membrane protein OPG139,Essential for the encapsidation of DNA into immature virions (IV) and the subsequent maturation of IV into mature virions (MV).,T17A,TRANSMEM 2-22 Helical,https://www.uniprot.org/uniprotkb/P0DTN1/entry
121320,OPG124,mRNA-capping enzyme regulatory subunit OPG124,Acts with RNA polymerase to initiate transcription from late gene promoters.,L16F,PDBE_COVER 1-287 8JED,https://www.uniprot.org/uniprotkb/A0A7H0DN96/entry
61825,OPG080,Ribonucleoside-diphosphate reductase large subunit,Ribonucleoside-diphosphate reductase holoenzyme provides the precursors necessary for viral DNA synthesis. Allows virus growth in non-dividing cells. Catalyzes the biosynthesis of deoxyribonucleotides from the corresponding ribonucleotides.,A65G,DOMAIN 1-92 ATP-cone,https://www.uniprot.org/uniprotkb/A0A7H0DN52/entry
55133,OPG074,Protein OPG074,N/A,R665C,N/A,https://www.uniprot.org/uniprotkb/A0A7H0DN47/entry
54635,OPG072,Probable FAD-linked sulfhydryl oxidase OPG072,"FAD-dependent sulfhydryl oxidase that catalyzes disulfide bond formation. The complete pathway for formation of disulfide bonds in intracellular virion membrane proteins sequentially involves thiol-disulfide transfer between OPG072, OPG128 and OPG088.",N56D,TOPO_DOM 26-95 Virion surface ERV/ALR DOMAIN 1-95 sulfhydryl oxidase,https://www.uniprot.org/uniprotkb/A0A7H0DN45/entry
41392,OPG061,Protein OPG061,N/A,N165Y,N/A,https://www.uniprot.org/uniprotkb/A0A7H0DN34/entry
34459,OPG053,EFC-associated protein OPG053,"Component of the entry fusion complex (EFC), which consists of 11 proteins. During cell infection, this complex mediates entry of the virion core into the host cytoplasm by a two-step mechanism consisting of lipid mixing of the viral and cellular membranes and subsequent pore formation.",S78P,TOPO_DOM 1-175 Virion surface DISULFID 33-55 by OPG088 DISULFID 47-127 by OPG088,https://www.uniprot.org/uniprotkb/A0A7H0DN26/entry
21062,OPG036,Protein OPG036,"Plays a role in the inhibition of host innate immune response. Within the host nucleus, inhibits activation of interferon-beta promoter by inhibiting IRF3 activation.",M11L,N/A,https://www.uniprot.org/uniprotkb/A0A7H0DN09/entry
20105,OPG035,Protein OPG035,Bcl-2-like protein which contributes to virulence by preventing host NF-kappa-B activation in response to pro-inflammatory stimuli such as TNF-alpha or IL1B.,R100S,N/A,https://www.uniprot.org/uniprotkb/P0DTN4/entry
13563,OPG025,Ankyrin repeat protein OPG025,Plays a role in the inhibition of host immune repsonse by counteracting the action of interferons on early events in the viral replication cycle.,P569S,N/A,https://www.uniprot.org/uniprotkb/A0A7H0DN01/entry
11168,OPG023,Ankyrin repeat domain-containing protein OPG023,"Substrate-specific adapter of SKP1-containing E3 ubiquitin-protein ligases which mediate the ubiquitination and subsequent proteasomal degradation of host target proteins. Prevents activation and subsequent nuclear localization of NF-kappa-B in infected cells, by targeting NF-kappa-B RELA subunit to the SCF E3 ligase complex.",N578T,REGION 578-658 PRANC/F-box-like,https://www.uniprot.org/uniprotkb/A0A7H0DMZ9/entry
3982,OPG003,Ankyrin repeat protein OPG003,May be involved in virus-host protein interaction through the ankyrin repeats and PRANC regions.,R209Q,REPEAT 175-223 ANK 2 ,https://www.uniprot.org/uniprotkb/A0A7H0DNH0/entry